BBMAsTopSocial,63
BBMAsTopSociaL,39
Tallinn,18
tallinn,12
songwriters,12
Repost,6
visitestonia,6
estonia,5
bike,4
EarthDay,4
BBMAsTopSociaI,4
Endomondo,4
Scotland,3
eurotrip,3
Estonia,3
interface,3
cycling,3
Tallin,2
oldehansa,2
norway,2
Digitalisierung,2
machen,2
Celebs,2
eestiekspress,2
türisalupanga,2
Gas,2
autohash,2
mydentitybaltics,2
تجمع_المهنيين_السعوديين,2
ERR,2
Helsinki,2
påskelabyrinten,2
CHESLA,2
jzone,2
nikeplus,2
weather,2
Теплоизоляция,2
Hazards,1
protect,1
Facebook,1
Willows,1
MyTwitterAnniversary,1
it,1
happypassover,1
hairbestie,1
trust,1
sunny,1
Medellin,1
Supernatural,1
bear,1
offshore,1
GCNinspiration,1
WIPO,1
vibes,1
Lofoten,1
Russland,1
kiirabi,1
Bookings,1
buongiorno,1
mergecube,1
staircasewash,1
AlbaguBràth,1
blockchain,1
housetrack,1
Convention,1
StGeorgesDay,1
CofiwchDryweryn,1
サワークリーム,1
livelihood,1
Carpool,1
retrocomputing,1
translation,1
bargeldlos,1
partaperjantai,1
ит,1
repost,1
TallinnaÜlikool,1
HosNaboen,1
balticforeventsforum,1
jobs,1
alaskianhusky,1
armyfollowarmy,1
mikarol,1
WorldIPDay,1
awaradiaries,1
ArmyfolllowArmy,1
популярность,1
kosher,1
MadeInHeaven,1
AtinySelcaDay,1
boyswillbeboys,1
backpack,1
balticforevents,1
Endgame,1
Dionysus,1
eNorssi,1
påsk,1
photography,1
MoraaliMinisteerium,1
arctic,1
AvengersEndame,1
apache,1
lepatriinu,1
travel,1
BTS,1
BoyWithLuv,1
fivemileshigh,1
RIP,1
verdtåbevare,1
Dettalandet,1
hjerteoperasjon,1
forbrukerfrihet,1
TBT,1
eeconf,1
mydentity,1
one,1
stavkirke,1
missLA,1
evolvetogether,1
vegan,1
indiangovernment,1
maps,1
LIGHT,1
disainiöö,1
Zeebrugge,1
AI,1
LGBT,1
travelingram,1
fish,1
voittolaukauskilpailu,1
Эстония,1
Keskisuomalainen,1
VisitBergen,1
mobility,1
seagull,1
السلطه_المدنيه_الانتقاليه,1
SaudiArabia,1
UnidosyAlentando,1
soulfulhouse,1
Travel,1
ilmastonmuutoshysteria,1
Pirita,1
nightsky,1
إعلان_الحكومة_المدنية,1
landmarks,1
e_Estonia,1
ElectricVehicle,1
bags,1
Mikebro,1
MissingYouEP,1
women,1
tallinnoldtown,1
eventprofs,1
Pyöräily,1
loen,1
winning,1
UiBAula,1
lunedemiel,1
smile,1
MCOUNTDOWN,1
privacy,1
ShawnMendesTheTourLondon,1
TeamSK,1
Lønnsgaloppen,1
nails,1
oslove,1
stories,1
تبكي_بس,1
obvs,1
ever,1
ships,1
Traveling,1
textasdata,1
reissuhommat,1
UCIWWT,1
Norge,1
polarpark,1
OttTanakMovie,1
dengue,1
johnlennon,1
internet,1
jagkommer,1
Miljøregnskap,1
Trump,1
hopeisdangerous,1
dessert,1
SingleUsePlastic,1
wildside,1
godpåske,1
mämmi,1
LineOfDuty,1
kapinapuolue,1
naabristparem,1
roadtrip,1
polkvart,1
noblessner,1
Conteoregresivo,1
Ferrari,1
DiaDeLaTierra,1
frittata,1
play,1
MuellerReport,1
musei,1
JoshuaMiller,1
Screengate,1
StoriesInterface,1
Barents,1
Helsingin_Sanomat,1
tallin,1
aging,1
digitalprivacy,1
Pääsiäinen,1
PlastikkEmballasje,1
اعتصام_القياده_العامه,1
lordpusspuss,1
earthquake,1
hyperspace,1
merchantserviceinnovations,1
teletorntallinn,1
GooglePhotos,1
TeamRory,1
полнолуние,1
Tallín,1
Tallink,1
IMF,1
goodfriday,1
snk,1
еда,1
carroarmato,1
snømus,1
trysil,1
Fibromialgia,1
quiz,1
thewildside,1
tingsakercamping,1
powerbi,1
Netflix,1
SriLanka,1
RoadToPeachJam,1
goerasmus,1
snowiESTrobots,1
